<?xml version="1.0" encoding="UTF-8"?><?xml-stylesheet type='text/xsl' href='_UpgradeReport_Files/UpgradeReport.xslt'?><UpgradeLog>
<Properties><Property Name="Solution" Value="operatorOverloading">
</Property><Property Name="Solution File" Value="C:\Documents and Settings\michalr\Desktop\michalr\C#\MyExInShlomosCourseAndAtHome\AdditionalMaterial\operatorOverloadingOldDemo\operatorOverloading.sln">
</Property><Property Name="Date" Value="Monday, August 30, 2010">
</Property><Property Name="Time" Value="8:17 AM">
</Property></Properties><Event ErrorLevel="0" Project="opOverloadingEnhanced" Source="opOverloadingEnhanced\opOverloadingEnhanced.csproj" Description="Project converted successfully">
</Event><Event ErrorLevel="3" Project="opOverloadingEnhanced" Source="opOverloadingEnhanced\opOverloadingEnhanced.csproj" Description="Converted">
</Event><Event ErrorLevel="0" Project="userDefinedConversion" Source="userDefinedConversion\userDefinedConversion.csproj" Description="Project converted successfully">
</Event><Event ErrorLevel="3" Project="userDefinedConversion" Source="userDefinedConversion\userDefinedConversion.csproj" Description="Converted">
</Event><Event ErrorLevel="2" Project="" Source="operatorOverloading.sln" Description="Solution file 'C:\Documents and Settings\michalr\Desktop\michalr\C#\MyExInShlomosCourseAndAtHome\AdditionalMaterial\operatorOverloadingOldDemo\operatorOverloading.sln' cannot be converted because it is read-only on disk. To convert the solution, change the permissions on the solution file to allow modification and re-open it.">
</Event><Event ErrorLevel="3" Project="" Source="operatorOverloading.sln" Description="Not Converted">
</Event></UpgradeLog>